id,name,SL,MTDef,MTRDef,PT,MTGD
111,final,1,1,0,1,1
112,initial,1,0,1,1,1
113,second,1,0,1,1,1
114,Aklan,1,0,0,0,0
115,penultimate,1,1,0,1,1
116,leftmost_heavy,0,0,1,1,1
117,penult_alt_secondary,1,0,0,0,0
118,initial_alt_secondary_right,1,0,0,0,0
119,penult_initial_secondary,1,0,0,1,1
120,Arabic_BaniHassan,1,0,0,0,0
121,Arabic_Cairene,1,1,0,1,1
122,Arabic_Classical_SPD,0,0,0,1,1
123,Arabic_Cyrenaican_Bedouin,0,0,0,0,0
124,final_if_heavy_else_penult,1,1,0,1,1
125,Arabic_Negev_Bedouin,0,0,0,0,0
126,Arabic_Palestinian_ST0,1,0,0,0,0
127,Aranda_Western,1,0,0,0,0
128,second_alt_secondary,1,0,0,0,0
129,final_initial_secondary,1,0,0,1,1
130,Asheninca,1,0,0,0,0
131,final_alt_secondary,1,0,0,0,0
132,penult_if_heavy_else_final_if_heavy_else_penult,1,1,0,0,1
133,initial_alt_secondary_left,1,0,0,0,0
134,Bhojpuri_SPD,1,1,0,1,1
135,Bhojpuri_per_ShuklaTiwari_SPD,0,0,0,1,0
136,Biangai,1,0,0,0,0
137,initial_alt_secondary_left_no_monosyllables,1,0,0,0,0
138,lexical,0,1,1,1,1
139,Buriat,0,0,0,0,1
140,initial_optional_final_secondary,1,0,0,0,0
141,Cambodian,1,0,0,0,0
142,Cavinena_SPD,1,0,0,0,0
143,Cayuga,1,0,0,0,0
144,Cayuvava,1,0,0,0,0
145,Central_Alaskan_Yupik,1,0,0,0,0
146,Cheremis_Eastern,0,0,0,1,1
147,Cheremis_Meadow,0,1,0,1,1
148,rightmost_nonfinal_heavy_else_final,0,1,0,1,1
149,rightmost_heavy_else_initial,0,0,0,1,1
150,antepenult,1,1,0,1,1
151,Diegueno,1,1,0,1,1
152,Dutch_SPD,1,0,0,0,0
153,rightmost_heavy_else_penult,1,1,0,1,1
154,English,1,0,0,0,0
155,initial_weighted_secondary,1,0,0,0,0
156,final_if_heavy_weighted_secondary,1,0,0,0,0
157,Garawa,1,0,0,0,0
158,Georgian_SPD,1,0,0,1,1
159,rightmost_heavy_else_final,0,1,0,1,1
160,final_if_heavy_else_penult_alt_secondary,1,0,0,0,0
161,initial_penult_secondary,1,0,0,1,1
162,first_if_heavy_else_second_if_heavy_else_first_weighted_secondary,1,0,1,0,1
163,Hebrew_Tiberian_SPD,1,1,0,0,1
164,Hindi_SPD_v1,1,1,0,1,1
165,rightmost_heavy_before_final_else_penult,0,1,0,1,1
167,Hopi_SPD,1,0,1,1,1
168,Hungarian_SPD,1,0,0,0,0
169,Icua_Tupi,1,1,0,1,1
170,Indonesian,1,0,0,0,0
171,IowayOto,1,0,0,0,0
172,penult_if_heavy_else_final,1,1,0,0,1
173,Kashmiri,0,0,0,1,1
174,Kawaiisu,1,1,0,1,1
175,Klamath,0,1,0,0,1
176,leftmost_heavy_else_final,0,0,0,1,1
177,KuukuYau_SPD,0,0,0,0,1
178,Latin_Classical,1,1,0,1,1
179,penult_alt_secondary_no_antepenult,1,0,0,0,0
180,Lithuanian_SPD,0,0,1,1,1
181,first_if_heavy_else_second,1,0,1,1,1
182,Maithili,1,0,0,0,1
183,Malakmalak,1,0,0,0,0
184,Malay,1,1,0,1,1
185,MalecitePassmaquoddy,1,0,0,0,0
186,Mam_SPD,0,1,0,1,1
187,Manam_SPD,1,0,0,0,0
188,Manobo_Sarangani,1,1,0,0,1
189,Maori,0,0,1,1,1
190,Maranungku_SPD,1,0,0,0,0
191,Mingrelian,1,0,0,1,1
192,Miwok_Sierra,1,0,1,1,1
193,Mohawk,1,1,0,1,1
194,Mongolian_Khalkha_SPD,0,0,0,1,1
196,Mongolian_Khalkha,0,0,1,1,1
197,rightmost_nonfinal_secondarystressed_alt_weighted_secondary,1,0,0,0,0
198,Murik,0,0,1,1,1
199,Nubian_Dongolese,0,0,0,1,1
200,Nyawaygi,1,0,0,0,0
201,Paamese,1,1,0,1,1
202,Piraha,1,1,0,0,1
203,Romanian_nouns_SPD,1,0,0,0,0
204,Romansh_Berguener_Berguner_SPD,1,0,0,0,0
205,SeminoleCreek,1,0,0,0,0
206,Seneca_SPD,1,0,0,0,0
207,Sentani,1,0,0,0,0
208,Shoshone_Gosiute,1,0,0,0,0
209,Shoshone_Tumpisa,1,0,1,0,1
210,Sindhi_SPD,0,1,0,1,1
211,Sorbian,1,0,0,1,1
212,Southern_Paiute,1,0,0,0,0
213,Tauya,1,0,0,0,0
214,Tongan_SPD,1,1,0,1,1
215,Udihe,1,0,0,1,1
216,Walmatjari_SPD,1,0,0,1,1
217,Wargamay,1,0,0,0,0
218,Yapese_SPD,1,1,0,0,1
219,Yidin_SPD,0,0,0,0,0
